film_id,title,rating,description
357,Gilbert Pelican,G,General Audiences
964,Waterfront Deliverance,G,General Audiences
957,War Notting,G,General Audiences
178,Connection Microcosmos,G,General Audiences
179,Conquerer Nuts,G,General Audiences
354,Ghost Groundhog,G,General Audiences
350,Garden Island,G,General Audiences
182,Control Anthem,G,General Audiences
965,Watership Frontier,G,General Audiences
2,Ace Goldfinger,G,General Audiences
104,Bugsy Song,G,General Audiences
891,Timberland Sky,G,General Audiences
569,Menagerie Rushmore,G,General Audiences
61,Beauty Grease,G,General Audiences
920,Unbreakable Karate,G,General Audiences
873,Sweethearts Suspects,G,General Audiences
322,Flatliners Killer,G,General Audiences
193,Crossroads Casualties,G,General Audiences
519,Liberty Magnificent,G,General Audiences
567,Meet Chocolate,G,General Audiences
196,Cruelty Unforgiven,G,General Audiences
878,Teen Apollo,G,General Audiences
919,Tycoon Gathering,G,General Audiences
58,Beach Heartbreakers,G,General Audiences
318,Firehouse Vietnam,G,General Audiences
622,Newsies Story,G,General Audiences
202,Daddy Pittsburgh,G,General Audiences
203,Daisy Menagerie,G,General Audiences
794,Side Ark,G,General Audiences
510,Lawless Vision,G,General Audiences
206,Dancing Fever,G,General Audiences
598,Mosquito Armageddon,G,General Audiences
56,Barefoot Manchurian,G,General Audiences
916,Turn Star,G,General Audiences
915,Truman Crazy,G,General Audiences
55,Barbarella Streetcar,G,General Audiences
212,Darn Forrester,G,General Audiences
313,Fidelity Devil,G,General Audiences
593,Monterey Labyrinth,G,General Audiences
216,Day Unfaithful,G,General Audiences
217,Dazed Punk,G,General Audiences
954,Wake Jaws,G,General Audiences
11,Alamo Videotape,G,General Audiences
497,Kill Brotherhood,G,General Audiences
805,Sleepless Monsoon,G,General Audiences
52,Ballroom Mockingbird,G,General Audiences
304,Fargo Gandhi,G,General Audiences
224,Desperate Trainspotting,G,General Audiences
302,Fantasia Park,G,General Audiences
226,Destiny Saturday,G,General Audiences
39,Armageddon Lost,G,General Audiences
968,Werewolf Lola,G,General Audiences
297,Extraordinary Conquerer,G,General Audiences
230,Diary Panic,G,General Audiences
490,Jumanji Blade,G,General Audiences
626,Noon Papi,G,General Audiences
97,Bride Intrigue,G,General Audiences
126,Casualties Encino,G,General Audiences
293,Exorcist Sting,G,General Audiences
478,Jaws Harry,G,General Audiences
237,Divorce Shining,G,General Audiences
238,Doctor Grail,G,General Audiences
239,Dogma Family,G,General Audiences
292,Excitement Eve,G,General Audiences
289,Eve Resurrection,G,General Audiences
43,Atlantis Cause,G,General Audiences
908,Trap Guys,G,General Audiences
50,Baked Cleopatra,G,General Audiences
281,Encino Elf,G,General Audiences
280,Empire Malkovich,G,General Audiences
247,Downhill Enough,G,General Audiences
811,Smile Earring,G,General Audiences
249,Dracula Crystal,G,General Audiences
271,Easy Gladiator,G,General Audiences
903,Traffic Hobbit,G,General Audiences
678,Pickup Driving,G,General Audiences
897,Torque Bound,G,General Audiences
264,Dwarfs Alter,G,General Audiences
764,Saturday Lambs,G,General Audiences
46,Autumn Crow,G,General Audiences
257,Drumline Cyclone,G,General Audiences
609,Muscle Bright,G,General Audiences
901,Tracy Cider,G,General Audiences
260,Dude Blindness,G,General Audiences
261,Duffel Apocalypse,G,General Audiences
969,West Lion,G,General Audiences
763,Satisfaction Confidential,G,General Audiences
475,Japanese Run,G,General Audiences
472,Italian African,G,General Audiences
559,Married Go,G,General Audiences
95,Breakfast Goldfinger,G,General Audiences
631,Novocaine Flight,G,General Audiences
467,Intrigue Worst,G,General Audiences
762,Sassy Packer,G,General Audiences
554,Malkovich Pet,G,General Audiences
816,Snowman Rollercoaster,G,General Audiences
828,Spiking Element,G,General Audiences
692,Potluck Mixed,G,General Audiences
604,Mulan Moon,G,General Audiences
958,Wardrobe Phantom,G,General Audiences
597,Moonwalker Fool,G,General Audiences
445,Hyde Doctor,G,General Audiences
697,Primary Glass,G,General Audiences
834,Spoilers Hellfighters,G,General Audiences
612,Mussolini Spoilers,G,General Audiences
770,Scissorhands Slums,G,General Audiences
440,Hunger Roof,G,General Audiences
702,Pulp Beverly,G,General Audiences
638,Operation Operation,G,General Audiences
737,Rock Instinct,G,General Audiences
123,Casablanca Super,G,General Audiences
581,Minority Kiss,G,General Audiences
431,Hoosiers Birdcage,G,General Audiences
430,Hook Chariots,G,General Audiences
89,Borrowers Bedazzled,G,General Audiences
127,Cat Coneheads,G,General Audiences
128,Catch Amistad,G,General Audiences
959,Warlock Werewolf,G,General Audiences
109,Butterfly Chocolat,G,General Audiences
85,Bonnie Holocaust,G,General Audiences
542,Lust Lock,G,General Audiences
419,Hocus Frida,G,General Audiences
732,Rings Heartbreakers,G,General Audiences
718,Rebel Airport,G,General Audiences
537,Lover Truman,G,General Audiences
417,Hills Neighbors,G,General Audiences
83,Blues Instinct,G,General Audiences
412,Heavyweights Beast,G,General Audiences
409,Heartbreakers Bright,G,General Audiences
22,Amistad Midsummer,G,General Audiences
82,Blood Argonauts,G,General Audiences
848,Stone Fire,G,General Audiences
996,Young Language,G,General Audiences
575,Midsummer Groundhog,G,General Audiences
574,Midnight Westward,G,General Audiences
760,Samurai Lion,G,General Audiences
758,Saints Bride,G,General Audiences
4,Affair Prejudice,G,General Audiences
154,Clash Freddy,G,General Audiences
402,Harper Dying,G,General Audiences
107,Bunch Minds,G,General Audiences
5,African Egg,G,General Audiences
119,Caper Motions,G,General Audiences
140,Cheaper Clyde,G,General Audiences
853,Stranger Strangers,G,General Audiences
650,Pacific Amistad,G,General Audiences
529,Lonely Elephant,G,General Audiences
778,Secrets Paradise,G,General Audiences
145,Chisum Behavior,G,General Audiences
146,Chitty Lock,G,General Audiences
80,Blanket Beverly,G,General Audiences
25,Angels Life,G,General Audiences
399,Happiness United,G,General Audiences
653,Panic Club,G,General Audiences
396,Hanging Deep,G,General Audiences
77,Birds Perdition,G,General Audiences
153,Citizen Shrek,G,General Audiences
860,Suicides Silence,G,General Audiences
156,Clerks Angels,G,General Audiences
387,Gun Bonnie,G,General Audiences
26,Annie Identity,G,General Audiences
654,Panky Submarine,G,General Audiences
862,Summer Scarface,G,General Audiences
960,Wars Pluto,G,General Audiences
75,Bird Independence,G,General Audiences
377,Grease Youth,G,General Audiences
757,Sagebrush Clueless,G,General Audiences
376,Grapes Fury,G,General Audiences
165,Coldblooded Darling,G,General Audiences
166,Color Philadelphia,G,General Audiences
932,Valley Packer,G,General Audiences
585,Mob Duffel,G,General Audiences
373,Graduate Lord,G,General Audiences
371,Gosford Donnie,G,General Audiences
787,Shining Roses,G,General Audiences
366,Goldfinger Sensibility,G,General Audiences
360,Glass Dying,G,General Audiences
106,Bulworth Commandments,G,General Audiences
755,Sabrina Midnight,PG,Parental Guidance Suggested
952,Wagon Jaws,PG,Parental Guidance Suggested
600,Motions Details,PG,Parental Guidance Suggested
602,Mourning Purple,PG,Parental Guidance Suggested
603,Movie Shakespeare,PG,Parental Guidance Suggested
605,Mulholland Beast,PG,Parental Guidance Suggested
772,Sea Virgin,PG,Parental Guidance Suggested
607,Muppet Mile,PG,Parental Guidance Suggested
608,Murder Antitrust,PG,Parental Guidance Suggested
19,Amadeus Holy,PG,Parental Guidance Suggested
611,Musketeers Wait,PG,Parental Guidance Suggested
618,Necklace Outbreak,PG,Parental Guidance Suggested
623,Newton Labyrinth,PG,Parental Guidance Suggested
624,Nightmare Chill,PG,Parental Guidance Suggested
628,Northwest Polish,PG,Parental Guidance Suggested
761,Santa Paris,PG,Parental Guidance Suggested
635,Oklahoma Jumanji,PG,Parental Guidance Suggested
636,Oleander Clue,PG,Parental Guidance Suggested
637,Open African,PG,Parental Guidance Suggested
639,Opposite Necklace,PG,Parental Guidance Suggested
644,Oscar Gold,PG,Parental Guidance Suggested
645,Others Soup,PG,Parental Guidance Suggested
950,Volume House,PG,Parental Guidance Suggested
656,Papi Necklace,PG,Parental Guidance Suggested
660,Party Knock,PG,Parental Guidance Suggested
662,Paths Control,PG,Parental Guidance Suggested
664,Patriot Roman,PG,Parental Guidance Suggested
665,Patton Interview,PG,Parental Guidance Suggested
668,Peak Forever,PG,Parental Guidance Suggested
595,Moon Bunch,PG,Parental Guidance Suggested
670,Pelican Comforts,PG,Parental Guidance Suggested
674,Pet Haunting,PG,Parental Guidance Suggested
679,Pilot Hoosiers,PG,Parental Guidance Suggested
680,Pinocchio Simon,PG,Parental Guidance Suggested
681,Pirates Roxanne,PG,Parental Guidance Suggested
743,Room Roman,PG,Parental Guidance Suggested
121,Carol Texas,PG,Parental Guidance Suggested
688,Polish Brooklyn,PG,Parental Guidance Suggested
689,Pollock Deliverance,PG,Parental Guidance Suggested
693,Potter Connecticut,PG,Parental Guidance Suggested
695,President Bang,PG,Parental Guidance Suggested
699,Private Drop,PG,Parental Guidance Suggested
122,Carrie Bunch,PG,Parental Guidance Suggested
703,Punk Divorce,PG,Parental Guidance Suggested
706,Queen Luke,PG,Parental Guidance Suggested
713,Rainbow Shock,PG,Parental Guidance Suggested
715,Range Moonwalker,PG,Parental Guidance Suggested
719,Records Zorro,PG,Parental Guidance Suggested
727,Resurrection Silverado,PG,Parental Guidance Suggested
131,Center Dinosaur,PG,Parental Guidance Suggested
729,Rider Caddyshack,PG,Parental Guidance Suggested
132,Chainsaw Uptown,PG,Parental Guidance Suggested
134,Champion Flatliners,PG,Parental Guidance Suggested
137,Charade Duffel,PG,Parental Guidance Suggested
139,Chasing Fight,PG,Parental Guidance Suggested
142,Chicken Hellfighters,PG,Parental Guidance Suggested
143,Chill Luck,PG,Parental Guidance Suggested
144,Chinatown Gladiator,PG,Parental Guidance Suggested
150,Cider Desire,PG,Parental Guidance Suggested
987,Words Hunter,PG,Parental Guidance Suggested
164,Coast Rainbow,PG,Parental Guidance Suggested
985,Wonderland Christmas,PG,Parental Guidance Suggested
6,Agent Truman,PG,Parental Guidance Suggested
928,Uptown Young,PG,Parental Guidance Suggested
983,Won Dares,PG,Parental Guidance Suggested
185,Cowboy Doom,PG,Parental Guidance Suggested
924,Unforgiven Zoolander,PG,Parental Guidance Suggested
188,Crazy Home,PG,Parental Guidance Suggested
194,Crow Grease,PG,Parental Guidance Suggested
980,Wizard Coldblooded,PG,Parental Guidance Suggested
201,Cyclone Family,PG,Parental Guidance Suggested
204,Dalmations Sweden,PG,Parental Guidance Suggested
918,Twisted Pirates,PG,Parental Guidance Suggested
207,Dangerous Uptown,PG,Parental Guidance Suggested
215,Dawn Pond,PG,Parental Guidance Suggested
914,Trouble Date,PG,Parental Guidance Suggested
912,Trojan Tomorrow,PG,Parental Guidance Suggested
37,Arizona Bang,PG,Parental Guidance Suggested
41,Arsenic Independence,PG,Parental Guidance Suggested
910,Treatment Jekyll,PG,Parental Guidance Suggested
233,Disciple Mother,PG,Parental Guidance Suggested
265,Dying Maker,PG,Parental Guidance Suggested
906,Tramp Others,PG,Parental Guidance Suggested
252,Dream Pickup,PG,Parental Guidance Suggested
902,Trading Pinocchio,PG,Parental Guidance Suggested
258,Drums Dynamite,PG,Parental Guidance Suggested
896,Tootsie Pilot,PG,Parental Guidance Suggested
894,Tomatoes Hellfighters,PG,Parental Guidance Suggested
893,Titans Jerk,PG,Parental Guidance Suggested
273,Effect Gladiator,PG,Parental Guidance Suggested
274,Egg Igby,PG,Parental Guidance Suggested
275,Egypt Tenenbaums,PG,Parental Guidance Suggested
883,Tequila Past,PG,Parental Guidance Suggested
881,Temple Attraction,PG,Parental Guidance Suggested
290,Everyone Craft,PG,Parental Guidance Suggested
295,Expendable Stallion,PG,Parental Guidance Suggested
305,Fatal Haunted,PG,Parental Guidance Suggested
879,Telegraph Voyage,PG,Parental Guidance Suggested
308,Ferris Mother,PG,Parental Guidance Suggested
966,Wedding Apollo,PG,Parental Guidance Suggested
311,Fiction Christmas,PG,Parental Guidance Suggested
317,Fireball Philadelphia,PG,Parental Guidance Suggested
12,Alaska Phantom,PG,Parental Guidance Suggested
327,Fool Mockingbird,PG,Parental Guidance Suggested
875,Talented Homicide,PG,Parental Guidance Suggested
874,Tadpole Park,PG,Parental Guidance Suggested
336,French Holiday,PG,Parental Guidance Suggested
338,Frisco Forrest,PG,Parental Guidance Suggested
63,Bedazzled Married,PG,Parental Guidance Suggested
341,Frost Head,PG,Parental Guidance Suggested
343,Full Flatliners,PG,Parental Guidance Suggested
345,Gables Metropolis,PG,Parental Guidance Suggested
65,Behavior Runaway,PG,Parental Guidance Suggested
351,Gaslight Crusade,PG,Parental Guidance Suggested
871,Sweden Shining,PG,Parental Guidance Suggested
963,Watch Tracy,PG,Parental Guidance Suggested
359,Gladiator Westward,PG,Parental Guidance Suggested
13,Ali Forever,PG,Parental Guidance Suggested
869,Suspects Quills,PG,Parental Guidance Suggested
962,Wasteland Divine,PG,Parental Guidance Suggested
72,Bill Others,PG,Parental Guidance Suggested
369,Goodfellas Salute,PG,Parental Guidance Suggested
74,Birch Antitrust,PG,Parental Guidance Suggested
374,Graffiti Love,PG,Parental Guidance Suggested
868,Superfly Trip,PG,Parental Guidance Suggested
867,Super Wyoming,PG,Parental Guidance Suggested
380,Greek Everyone,PG,Parental Guidance Suggested
382,Grit Clockwork,PG,Parental Guidance Suggested
859,Sugar Wonka,PG,Parental Guidance Suggested
78,Blackout Private,PG,Parental Guidance Suggested
404,Hate Handicap,PG,Parental Guidance Suggested
410,Heaven Freedom,PG,Parental Guidance Suggested
847,Stock Glass,PG,Parental Guidance Suggested
844,Steers Armageddon,PG,Parental Guidance Suggested
414,Hellfighters Sierra,PG,Parental Guidance Suggested
84,Boiled Dares,PG,Parental Guidance Suggested
420,Holes Brannigan,PG,Parental Guidance Suggested
841,Star Operation,PG,Parental Guidance Suggested
423,Hollywood Anonymous,PG,Parental Guidance Suggested
88,Born Spinal,PG,Parental Guidance Suggested
837,Stage World,PG,Parental Guidance Suggested
433,Horn Working,PG,Parental Guidance Suggested
991,Worst Banger,PG,Parental Guidance Suggested
836,Squad Fish,PG,Parental Guidance Suggested
91,Bound Cheaper,PG,Parental Guidance Suggested
443,Hurricane Affair,PG,Parental Guidance Suggested
832,Splash Gump,PG,Parental Guidance Suggested
446,Hysterical Grail,PG,Parental Guidance Suggested
93,Brannigan Sunrise,PG,Parental Guidance Suggested
463,Instinct Airport,PG,Parental Guidance Suggested
468,Invasion Cyclone,PG,Parental Guidance Suggested
469,Iron Moon,PG,Parental Guidance Suggested
814,Snatch Slipper,PG,Parental Guidance Suggested
477,Jawbreaker Brooklyn,PG,Parental Guidance Suggested
479,Jedi Beneath,PG,Parental Guidance Suggested
481,Jekyll Frogmen,PG,Parental Guidance Suggested
810,Slums Duck,PG,Parental Guidance Suggested
485,Jersey Sassy,PG,Parental Guidance Suggested
99,Bringing Hysterical,PG,Parental Guidance Suggested
806,Sleepy Japanese,PG,Parental Guidance Suggested
495,Kentuckian Giant,PG,Parental Guidance Suggested
1,Academy Dinosaur,PG,Parental Guidance Suggested
802,Sky Miracle,PG,Parental Guidance Suggested
103,Bucket Brotherhood,PG,Parental Guidance Suggested
753,Rush Goodfellas,PG,Parental Guidance Suggested
506,Lady Stage,PG,Parental Guidance Suggested
798,Silverado Goldfinger,PG,Parental Guidance Suggested
515,Legally Secretary,PG,Parental Guidance Suggested
516,Legend Jedi,PG,Parental Guidance Suggested
518,Liaisons Sweet,PG,Parental Guidance Suggested
524,Lion Uncut,PG,Parental Guidance Suggested
527,Lola Agent,PG,Parental Guidance Suggested
532,Loser Hustler,PG,Parental Guidance Suggested
536,Lovely Jingle,PG,Parental Guidance Suggested
785,Shawshank Bubble,PG,Parental Guidance Suggested
784,Shanghai Tycoon,PG,Parental Guidance Suggested
783,Shane Darkness,PG,Parental Guidance Suggested
547,Magic Mallrats,PG,Parental Guidance Suggested
955,Walls Artist,PG,Parental Guidance Suggested
551,Maiden Home,PG,Parental Guidance Suggested
552,Majestic Floats,PG,Parental Guidance Suggested
555,Mallrats United,PG,Parental Guidance Suggested
557,Manchurian Curtain,PG,Parental Guidance Suggested
564,Massage Image,PG,Parental Guidance Suggested
780,Sensibility Rear,PG,Parental Guidance Suggested
576,Mighty Luck,PG,Parental Guidance Suggested
577,Mile Mulan,PG,Parental Guidance Suggested
586,Mockingbird Hollywood,PG,Parental Guidance Suggested
777,Secretary Rouge,PG,Parental Guidance Suggested
776,Secret Groundhog,PG,Parental Guidance Suggested
589,Modern Dorado,PG,Parental Guidance Suggested
590,Money Harold,PG,Parental Guidance Suggested
591,Monsoon Cause,PG,Parental Guidance Suggested
592,Monster Spartacus,PG,Parental Guidance Suggested
661,Past Suicides,PG-13,Parents Strongly Cautioned
931,Valentine Vanishing,PG-13,Parents Strongly Cautioned
789,Shock Cabin,PG-13,Parents Strongly Cautioned
571,Metal Armageddon,PG-13,Parents Strongly Cautioned
184,Core Suit,PG-13,Parents Strongly Cautioned
163,Clyde Theory,PG-13,Parents Strongly Cautioned
659,Park Citizen,PG-13,Parents Strongly Cautioned
28,Anthem Luke,PG-13,Parents Strongly Cautioned
658,Paris Weekend,PG-13,Parents Strongly Cautioned
940,Victory Academy,PG-13,Parents Strongly Cautioned
572,Metropolis Coma,PG-13,Parents Strongly Cautioned
865,Sunrise League,PG-13,Parents Strongly Cautioned
385,Groundhog Uncut,PG-13,Parents Strongly Cautioned
160,Club Graffiti,PG-13,Parents Strongly Cautioned
157,Clockwork Paradise,PG-13,Parents Strongly Cautioned
155,Cleopatra Devil,PG-13,Parents Strongly Cautioned
389,Gunfighter Mussolini,PG-13,Parents Strongly Cautioned
152,Circus Youth,PG-13,Parents Strongly Cautioned
391,Half Outfield,PG-13,Parents Strongly Cautioned
657,Paradise Sabrina,PG-13,Parents Strongly Cautioned
393,Halloween Nuts,PG-13,Parents Strongly Cautioned
651,Packer Madigan,PG-13,Parents Strongly Cautioned
449,Identity Lover,PG-13,Parents Strongly Cautioned
79,Blade Polish,PG-13,Parents Strongly Cautioned
942,Vietnam Smoochy,PG-13,Parents Strongly Cautioned
857,Strictly Scarface,PG-13,Parents Strongly Cautioned
855,Streak Ridgemont,PG-13,Parents Strongly Cautioned
943,Villain Desperate,PG-13,Parents Strongly Cautioned
944,Virgin Daisy,PG-13,Parents Strongly Cautioned
141,Chicago North,PG-13,Parents Strongly Cautioned
947,Vision Torque,PG-13,Parents Strongly Cautioned
403,Harry Idaho,PG-13,Parents Strongly Cautioned
530,Lord Arizona,PG-13,Parents Strongly Cautioned
726,Reservoir Adaptation,PG-13,Parents Strongly Cautioned
81,Blindness Gun,PG-13,Parents Strongly Cautioned
407,Hawk Chill,PG-13,Parents Strongly Cautioned
130,Celebrity Horn,PG-13,Parents Strongly Cautioned
723,Reign Gentlemen,PG-13,Parents Strongly Cautioned
648,Outlaw Hanky,PG-13,Parents Strongly Cautioned
573,Microcosmos Paradise,PG-13,Parents Strongly Cautioned
730,Ridgemont Submarine,PG-13,Parents Strongly Cautioned
533,Lost Bird,PG-13,Parents Strongly Cautioned
534,Louisiana Harry,PG-13,Parents Strongly Cautioned
721,Reds Pocus,PG-13,Parents Strongly Cautioned
108,Butch Panther,PG-13,Parents Strongly Cautioned
731,Right Cranes,PG-13,Parents Strongly Cautioned
418,Hobbit Alien,PG-13,Parents Strongly Cautioned
716,Reap Unfaithful,PG-13,Parents Strongly Cautioned
769,School Jacket,PG-13,Parents Strongly Cautioned
421,Holiday Games,PG-13,Parents Strongly Cautioned
642,Order Betrayed,PG-13,Parents Strongly Cautioned
538,Loverboy Attacks,PG-13,Parents Strongly Cautioned
733,River Outlaw,PG-13,Parents Strongly Cautioned
993,Wrong Behavior,PG-13,Parents Strongly Cautioned
712,Raiders Antitrust,PG-13,Parents Strongly Cautioned
615,Nash Chocolat,PG-13,Parents Strongly Cautioned
428,Homicide Peach,PG-13,Parents Strongly Cautioned
735,Robbers Joon,PG-13,Parents Strongly Cautioned
948,Voice Peach,PG-13,Parents Strongly Cautioned
839,Stallion Sundance,PG-13,Parents Strongly Cautioned
124,Casper Dragonfly,PG-13,Parents Strongly Cautioned
540,Lucky Flying,PG-13,Parents Strongly Cautioned
775,Seattle Expecations,PG-13,Parents Strongly Cautioned
596,Moonshine Cabin,PG-13,Parents Strongly Cautioned
435,Hotel Happiness,PG-13,Parents Strongly Cautioned
641,Orange Grapes,PG-13,Parents Strongly Cautioned
951,Voyage Legally,PG-13,Parents Strongly Cautioned
835,Spy Mile,PG-13,Parents Strongly Cautioned
439,Hunchback Impossible,PG-13,Parents Strongly Cautioned
701,Psycho Shrunk,PG-13,Parents Strongly Cautioned
441,Hunter Alter,PG-13,Parents Strongly Cautioned
738,Rocketeer Mother,PG-13,Parents Strongly Cautioned
956,Wanda Chamber,PG-13,Parents Strongly Cautioned
545,Madness Attacks,PG-13,Parents Strongly Cautioned
739,Rocky War,PG-13,Parents Strongly Cautioned
546,Madre Gables,PG-13,Parents Strongly Cautioned
694,Prejudice Oleander,PG-13,Parents Strongly Cautioned
448,Idaho Love,PG-13,Parents Strongly Cautioned
831,Spirited Casualties,PG-13,Parents Strongly Cautioned
578,Million Ace,PG-13,Parents Strongly Cautioned
453,Image Princess,PG-13,Parents Strongly Cautioned
454,Impact Aladdin,PG-13,Parents Strongly Cautioned
829,Spinal Rocky,PG-13,Parents Strongly Cautioned
691,Poseidon Forever,PG-13,Parents Strongly Cautioned
826,Speed Suit,PG-13,Parents Strongly Cautioned
825,Speakeasy Date,PG-13,Parents Strongly Cautioned
819,Song Hedwig,PG-13,Parents Strongly Cautioned
460,Innocent Usual,PG-13,Parents Strongly Cautioned
690,Pond Seattle,PG-13,Parents Strongly Cautioned
815,Snatchers Montezuma,PG-13,Parents Strongly Cautioned
579,Minds Truman,PG-13,Parents Strongly Cautioned
464,Intentions Empire,PG-13,Parents Strongly Cautioned
94,Braveheart Human,PG-13,Parents Strongly Cautioned
466,Intolerable Intentions,PG-13,Parents Strongly Cautioned
740,Rollercoaster Bringing,PG-13,Parents Strongly Cautioned
549,Magnolia Forrester,PG-13,Parents Strongly Cautioned
782,Shakespeare Saddle,PG-13,Parents Strongly Cautioned
685,Platoon Instinct,PG-13,Parents Strongly Cautioned
580,Mine Titans,PG-13,Parents Strongly Cautioned
744,Roots Remember,PG-13,Parents Strongly Cautioned
473,Jacket Frisco,PG-13,Parents Strongly Cautioned
812,Smoking Barbarella,PG-13,Parents Strongly Cautioned
682,Pittsburgh Hunchback,PG-13,Parents Strongly Cautioned
745,Roses Treasure,PG-13,Parents Strongly Cautioned
614,Name Detective,PG-13,Parents Strongly Cautioned
676,Philadelphia Wife,PG-13,Parents Strongly Cautioned
553,Maker Gables,PG-13,Parents Strongly Cautioned
96,Breaking Home,PG-13,Parents Strongly Cautioned
633,October Submarine,PG-13,Parents Strongly Cautioned
748,Rugrats Shakespeare,PG-13,Parents Strongly Cautioned
582,Miracle Virtual,PG-13,Parents Strongly Cautioned
809,Slipper Fidelity,PG-13,Parents Strongly Cautioned
556,Maltese Hope,PG-13,Parents Strongly Cautioned
583,Mission Zoolander,PG-13,Parents Strongly Cautioned
487,Jingle Sagebrush,PG-13,Parents Strongly Cautioned
898,Tourist Pelican,PG-13,Parents Strongly Cautioned
254,Driver Annie,PG-13,Parents Strongly Cautioned
266,Dynamite Tarzan,PG-13,Parents Strongly Cautioned
253,Drifter Commandments,PG-13,Parents Strongly Cautioned
558,Mannequin Worst,PG-13,Parents Strongly Cautioned
48,Backlash Undefeated,PG-13,Parents Strongly Cautioned
489,Juggler Hardly,PG-13,Parents Strongly Cautioned
905,Trainspotting Strangers,PG-13,Parents Strongly Cautioned
673,Personal Ladybugs,PG-13,Parents Strongly Cautioned
672,Perfect Groove,PG-13,Parents Strongly Cautioned
804,Sleeping Suspects,PG-13,Parents Strongly Cautioned
990,World Leathernecks,PG-13,Parents Strongly Cautioned
888,Thin Sagebrush,PG-13,Parents Strongly Cautioned
277,Elephant Trojan,PG-13,Parents Strongly Cautioned
887,Thief Pelican,PG-13,Parents Strongly Cautioned
886,Theory Mermaid,PG-13,Parents Strongly Cautioned
45,Attraction Newton,PG-13,Parents Strongly Cautioned
44,Attacks Hate,PG-13,Parents Strongly Cautioned
494,Karate Moon,PG-13,Parents Strongly Cautioned
882,Tenenbaums Command,PG-13,Parents Strongly Cautioned
630,Notting Speakeasy,PG-13,Parents Strongly Cautioned
285,English Bulworth,PG-13,Parents Strongly Cautioned
880,Telemark Heartbreakers,PG-13,Parents Strongly Cautioned
994,Wyoming Storm,PG-13,Parents Strongly Cautioned
907,Translation Summer,PG-13,Parents Strongly Cautioned
909,Treasure Command,PG-13,Parents Strongly Cautioned
496,Kick Savannah,PG-13,Parents Strongly Cautioned
291,Evolution Alter,PG-13,Parents Strongly Cautioned
240,Dolls Rage,PG-13,Parents Strongly Cautioned
235,Divide Monster,PG-13,Parents Strongly Cautioned
294,Expecations Natural,PG-13,Parents Strongly Cautioned
754,Rushmore Mermaid,PG-13,Parents Strongly Cautioned
971,Whale Bikini,PG-13,Parents Strongly Cautioned
9,Alabama Devil,PG-13,Parents Strongly Cautioned
298,Eyes Driving,PG-13,Parents Strongly Cautioned
299,Factory Dragon,PG-13,Parents Strongly Cautioned
300,Falcon Volume,PG-13,Parents Strongly Cautioned
228,Detective Vision,PG-13,Parents Strongly Cautioned
225,Destination Jerk,PG-13,Parents Strongly Cautioned
303,Fantasy Troopers,PG-13,Parents Strongly Cautioned
911,Trip Newton,PG-13,Parents Strongly Cautioned
562,Masked Bubble,PG-13,Parents Strongly Cautioned
306,Feathers Metal,PG-13,Parents Strongly Cautioned
766,Savannah Town,PG-13,Parents Strongly Cautioned
500,Kiss Glory,PG-13,Parents Strongly Cautioned
972,Whisperer Giant,PG-13,Parents Strongly Cautioned
18,Alter Victory,PG-13,Parents Strongly Cautioned
502,Knock Warlock,PG-13,Parents Strongly Cautioned
219,Deep Crusade,PG-13,Parents Strongly Cautioned
214,Daughter Madigan,PG-13,Parents Strongly Cautioned
211,Darling Breaking,PG-13,Parents Strongly Cautioned
208,Dares Pluto,PG-13,Parents Strongly Cautioned
57,Basic Easy,PG-13,Parents Strongly Cautioned
584,Mixed Doors,PG-13,Parents Strongly Cautioned
200,Curtain Videotape,PG-13,Parents Strongly Cautioned
36,Argonauts Town,PG-13,Parents Strongly Cautioned
320,Flamingos Connecticut,PG-13,Parents Strongly Cautioned
35,Arachnophobia Rollercoaster,PG-13,Parents Strongly Cautioned
33,Apollo Teen,PG-13,Parents Strongly Cautioned
504,Kwai Homeward,PG-13,Parents Strongly Cautioned
324,Flintstones Happiness,PG-13,Parents Strongly Cautioned
325,Floats Garden,PG-13,Parents Strongly Cautioned
877,Taxi Kick,PG-13,Parents Strongly Cautioned
505,Labyrinth League,PG-13,Parents Strongly Cautioned
876,Tarzan Videotape,PG-13,Parents Strongly Cautioned
98,Bright Encounters,PG-13,Parents Strongly Cautioned
565,Matrix Snowman,PG-13,Parents Strongly Cautioned
953,Wait Cider,PG-13,Parents Strongly Cautioned
191,Crooked Frogmen,PG-13,Parents Strongly Cautioned
921,Uncut Suicides,PG-13,Parents Strongly Cautioned
922,Undefeated Dalmations,PG-13,Parents Strongly Cautioned
335,Freedom Cleopatra,PG-13,Parents Strongly Cautioned
801,Sister Freddy,PG-13,Parents Strongly Cautioned
7,Airplane Sierra,PG-13,Parents Strongly Cautioned
508,Lambs Cincinatti,PG-13,Parents Strongly Cautioned
800,Sinners Atlantis,PG-13,Parents Strongly Cautioned
340,Frontier Cabin,PG-13,Parents Strongly Cautioned
667,Peach Innocent,PG-13,Parents Strongly Cautioned
64,Beethoven Exorcist,PG-13,Parents Strongly Cautioned
621,Network Peak,PG-13,Parents Strongly Cautioned
344,Fury Murder,PG-13,Parents Strongly Cautioned
512,League Hellfighters,PG-13,Parents Strongly Cautioned
513,Leathernecks Dwarfs,PG-13,Parents Strongly Cautioned
347,Games Bowfinger,PG-13,Parents Strongly Cautioned
348,Gandhi Kwai,PG-13,Parents Strongly Cautioned
349,Gangs Pride,PG-13,Parents Strongly Cautioned
181,Contact Anonymous,PG-13,Parents Strongly Cautioned
514,Lebowski Soldiers,PG-13,Parents Strongly Cautioned
352,Gathering Calendar,PG-13,Parents Strongly Cautioned
601,Moulin Wake,PG-13,Parents Strongly Cautioned
180,Conspiracy Spirit,PG-13,Parents Strongly Cautioned
176,Congeniality Quest,PG-13,Parents Strongly Cautioned
67,Berets Agent,PG-13,Parents Strongly Cautioned
175,Confused Candles,PG-13,Parents Strongly Cautioned
768,Scarface Bang,PG-13,Parents Strongly Cautioned
666,Paycheck Wait,PG-13,Parents Strongly Cautioned
173,Confessions Maguire,PG-13,Parents Strongly Cautioned
870,Swarm Gold,PG-13,Parents Strongly Cautioned
362,Glory Tracy,PG-13,Parents Strongly Cautioned
617,Natural Stock,PG-13,Parents Strongly Cautioned
756,Saddle Antitrust,PG-13,Parents Strongly Cautioned
792,Shrek License,PG-13,Parents Strongly Cautioned
929,Usual Untouchables,PG-13,Parents Strongly Cautioned
71,Bilko Anonymous,PG-13,Parents Strongly Cautioned
791,Show Lord,PG-13,Parents Strongly Cautioned
790,Shootist Superfly,PG-13,Parents Strongly Cautioned
73,Bingo Talented,PG-13,Parents Strongly Cautioned
170,Command Darling,PG-13,Parents Strongly Cautioned
749,Rules Human,R,Restricted
384,Grosse Wonderful,R,Restricted
8,Airport Pollock,R,Restricted
213,Date Speed,R,Restricted
17,Alone Trip,R,Restricted
20,Amelie Hellfighters,R,Restricted
21,American Circus,R,Restricted
23,Anaconda Confessions,R,Restricted
24,Analyze Hoosiers,R,Restricted
30,Anything Savannah,R,Restricted
32,Apocalypse Flamingos,R,Restricted
40,Army Flintstones,R,Restricted
49,Badman Dawn,R,Restricted
54,Banger Pinocchio,R,Restricted
59,Bear Graceland,R,Restricted
60,Beast Hunchback,R,Restricted
69,Beverly Outlaw,R,Restricted
86,Boogie Amelie,R,Restricted
90,Boulevard Mob,R,Restricted
100,Brooklyn Desert,R,Restricted
101,Brotherhood Blanket,R,Restricted
102,Bubble Grosse,R,Restricted
115,Campus Remember,R,Restricted
116,Candidate Perdition,R,Restricted
118,Canyon Stock,R,Restricted
129,Cause Date,R,Restricted
135,Chance Resurrection,R,Restricted
138,Chariots Conspiracy,R,Restricted
148,Chocolate Duck,R,Restricted
158,Clones Pinocchio,R,Restricted
159,Closer Bang,R,Restricted
162,Clueless Bucket,R,Restricted
168,Comancheros Enemy,R,Restricted
171,Commandments Express,R,Restricted
177,Connecticut Tramp,R,Restricted
183,Conversation Downhill,R,Restricted
192,Crossing Divorce,R,Restricted
195,Crowds Telemark,R,Restricted
197,Crusade Honey,R,Restricted
199,Cupboard Sinners,R,Restricted
221,Deliverance Mulholland,R,Restricted
222,Desert Poseidon,R,Restricted
227,Details Packer,R,Restricted
229,Devil Desire,R,Restricted
231,Dinosaur Secretary,R,Restricted
234,Disturbing Scarface,R,Restricted
236,Divine Resurrection,R,Restricted
242,Doom Dancing,R,Restricted
245,Double Wrath,R,Restricted
246,Doubtfire Labyrinth,R,Restricted
256,Drop Waterfront,R,Restricted
263,Durham Panky,R,Restricted
269,Earring Instinct,R,Restricted
287,Entrapment Satisfaction,R,Restricted
288,Escape Metropolis,R,Restricted
296,Express Lonely,R,Restricted
301,Family Sweet,R,Restricted
309,Feud Frogmen,R,Restricted
310,Fever Empire,R,Restricted
312,Fiddler Lost,R,Restricted
314,Fight Jawbreaker,R,Restricted
315,Finding Anaconda,R,Restricted
316,Fire Wolves,R,Restricted
319,Fish Opus,R,Restricted
323,Flight Lies,R,Restricted
329,Forrest Sons,R,Restricted
333,Freaky Pocus,R,Restricted
337,Frida Slipper,R,Restricted
339,Frogmen Breaking,R,Restricted
342,Fugitive Maguire,R,Restricted
346,Galaxy Sweethearts,R,Restricted
355,Ghostbusters Elf,R,Restricted
356,Giant Troopers,R,Restricted
358,Gilmore Boiled,R,Restricted
363,Go Purple,R,Restricted
365,Gold River,R,Restricted
367,Goldmine Tycoon,R,Restricted
368,Gone Trouble,R,Restricted
370,Gorgeous Bingo,R,Restricted
372,Graceland Dynamite,R,Restricted
379,Greedy Roots,R,Restricted
381,Grinch Massage,R,Restricted
390,Guys Falcon,R,Restricted
394,Hamlet Wisdom,R,Restricted
395,Handicap Boondock,R,Restricted
400,Hardly Robbers,R,Restricted
406,Haunting Pianist,R,Restricted
408,Head Stranger,R,Restricted
415,High Encino,R,Restricted
416,Highball Potter,R,Restricted
424,Holocaust Highball,R,Restricted
425,Holy Tadpole,R,Restricted
426,Home Pity,R,Restricted
427,Homeward Cider,R,Restricted
429,Honey Ties,R,Restricted
434,Horror Reign,R,Restricted
437,House Dynamite,R,Restricted
447,Ice Crossing,R,Restricted
452,Illusion Amelie,R,Restricted
465,Interview Liaisons,R,Restricted
470,Ishtar Rocketeer,R,Restricted
480,Jeepers Wedding,R,Restricted
482,Jeopardy Encino,R,Restricted
486,Jet Neighbors,R,Restricted
493,Kane Exorcist,R,Restricted
498,Killer Innocent,R,Restricted
501,Kissing Dolls,R,Restricted
503,Kramer Chocolate,R,Restricted
523,Lights Deer,R,Restricted
525,Loathing Legally,R,Restricted
526,Lock Rear,R,Restricted
531,Lose Inch,R,Restricted
535,Love Suicides,R,Restricted
543,Madigan Dorado,R,Restricted
544,Madison Trap,R,Restricted
548,Magnificent Chitty,R,Restricted
563,Massacre Usual,R,Restricted
566,Maude Mod,R,Restricted
599,Mother Oleander,R,Restricted
610,Music Boondock,R,Restricted
619,Neighbors Charade,R,Restricted
640,Opus Ice,R,Restricted
643,Orient Closer,R,Restricted
649,Oz Liaisons,R,Restricted
652,Pajama Jawbreaker,R,Restricted
686,Pluto Oleander,R,Restricted
700,Prix Undefeated,R,Restricted
705,Purple Movie,R,Restricted
707,Quest Mussolini,R,Restricted
708,Quills Bull,R,Restricted
710,Rage Games,R,Restricted
711,Raging Airplane,R,Restricted
724,Remember Diary,R,Restricted
725,Requiem Tycoon,R,Restricted
728,Reunion Witches,R,Restricted
734,Road Roxanne,R,Restricted
736,Robbery Bright,R,Restricted
742,Roof Champion,R,Restricted
747,Roxanne Rebel,R,Restricted
750,Run Pacific,R,Restricted
759,Salute Apollo,R,Restricted
765,Saturn Name,R,Restricted
788,Ship Wonderland,R,Restricted
779,Sense Greek,R,Restricted
781,Seven Swarm,R,Restricted
786,Shepherd Midsummer,R,Restricted
793,Shrunk Divine,R,Restricted
795,Siege Madre,R,Restricted
797,Silence Kane,R,Restricted
803,Slacker Liaisons,R,Restricted
808,Sling Luke,R,Restricted
813,Smoochy Control,R,Restricted
817,Soldiers Evolution,R,Restricted
822,Soup Wisdom,R,Restricted
823,South Wait,R,Restricted
830,Spirit Flintstones,R,Restricted
833,Splendor Patton,R,Restricted
838,Stagecoach Armageddon,R,Restricted
840,Stampede Disturbing,R,Restricted
850,Story Side,R,Restricted
851,Straight Hours,R,Restricted
890,Tights Dawn,R,Restricted
854,Strangers Graffiti,R,Restricted
856,Streetcar Intentions,R,Restricted
858,Submarine Bed,R,Restricted
861,Suit Walls,R,Restricted
863,Sun Confessions,R,Restricted
872,Sweet Brotherhood,R,Restricted
884,Terminator Club,R,Restricted
889,Ties Hunger,R,Restricted
892,Titanic Boondock,R,Restricted
895,Tomorrow Hustler,R,Restricted
900,Town Ark,R,Restricted
904,Train Bunch,R,Restricted
913,Troopers Metal,R,Restricted
917,Tuxedo Mile,R,Restricted
923,Unfaithful Kill,R,Restricted
925,United Pilot,R,Restricted
930,Vacation Boondock,R,Restricted
935,Vanished Garden,R,Restricted
938,Velvet Terminator,R,Restricted
939,Vertigo Northwest,R,Restricted
945,Virginian Pluto,R,Restricted
961,Wash Heavenly,R,Restricted
967,Weekend Personal,R,Restricted
974,Wild Apollo,R,Restricted
975,Willow Tracy,R,Restricted
976,Wind Phantom,R,Restricted
977,Window Side,R,Restricted
978,Wisdom Worker,R,Restricted
982,Women Dorado,R,Restricted
988,Worker Tarzan,R,Restricted
989,Working Microcosmos,R,Restricted
995,Yentl Idaho,R,Restricted
999,Zoolander Fiction,R,Restricted
521,Lies Treatment,NC-17,Adults Only
520,License Weekend,NC-17,Adults Only
114,Camelot Vacation,NC-17,Adults Only
517,Lesson Cleopatra,NC-17,Adults Only
113,California Birds,NC-17,Adults Only
796,Sierra Divide,NC-17,Adults Only
112,Calendar Gunfight,NC-17,Adults Only
511,Lawrence Love,NC-17,Adults Only
799,Simon North,NC-17,Adults Only
509,Language Cowboy,NC-17,Adults Only
507,Ladybugs Armageddon,NC-17,Adults Only
499,King Evolution,NC-17,Adults Only
111,Caddyshack Jedi,NC-17,Adults Only
492,Jungle Closer,NC-17,Adults Only
491,Jumping Wrath,NC-17,Adults Only
488,Joon Northwest,NC-17,Adults Only
807,Sleuth Orient,NC-17,Adults Only
110,Cabin Flash,NC-17,Adults Only
484,Jerk Paycheck,NC-17,Adults Only
483,Jericho Mulan,NC-17,Adults Only
476,Jason Trap,NC-17,Adults Only
474,Jade Bunch,NC-17,Adults Only
105,Bull Shawshank,NC-17,Adults Only
471,Island Exorcist,NC-17,Adults Only
462,Insider Arizona,NC-17,Adults Only
461,Insects Stone,NC-17,Adults Only
92,Bowfinger Gables,NC-17,Adults Only
818,Something Duck,NC-17,Adults Only
459,Informer Double,NC-17,Adults Only
820,Sons Interview,NC-17,Adults Only
821,Sorority Queen,NC-17,Adults Only
87,Boondock Ballroom,NC-17,Adults Only
76,Birdcage Casper,NC-17,Adults Only
824,Spartacus Cheaper,NC-17,Adults Only
458,Indian Love,NC-17,Adults Only
457,Independence Hotel,NC-17,Adults Only
827,Spice Sorority,NC-17,Adults Only
456,Inch Jet,NC-17,Adults Only
455,Impossible Prejudice,NC-17,Adults Only
998,Zhivago Core,NC-17,Adults Only
451,Igby Maker,NC-17,Adults Only
444,Hustler Party,NC-17,Adults Only
70,Bikini Borrowers,NC-17,Adults Only
442,Hunting Musketeers,NC-17,Adults Only
438,Human Graffiti,NC-17,Adults Only
436,Hours Rage,NC-17,Adults Only
432,Hope Tootsie,NC-17,Adults Only
68,Betrayed Rear,NC-17,Adults Only
450,Idols Snatchers,NC-17,Adults Only
66,Beneath Rush,NC-17,Adults Only
422,Hollow Jeopardy,NC-17,Adults Only
842,State Wasteland,NC-17,Adults Only
843,Steel Santa,NC-17,Adults Only
413,Hedwig Alter,NC-17,Adults Only
845,Stepmom Dream,NC-17,Adults Only
846,Sting Personal,NC-17,Adults Only
411,Heavenly Gun,NC-17,Adults Only
405,Haunted Antitrust,NC-17,Adults Only
849,Storm Happiness,NC-17,Adults Only
62,Bed Highball,NC-17,Adults Only
53,Bang Kwai,NC-17,Adults Only
852,Strangelove Desire,NC-17,Adults Only
401,Harold French,NC-17,Adults Only
16,Alley Evolution,NC-17,Adults Only
51,Balloon Homeward,NC-17,Adults Only
398,Hanover Galaxy,NC-17,Adults Only
47,Baby Hall,NC-17,Adults Only
397,Hanky October,NC-17,Adults Only
970,Westward Seabiscuit,NC-17,Adults Only
392,Hall Cassidy,NC-17,Adults Only
388,Gunfight Moon,NC-17,Adults Only
42,Artist Coldblooded,NC-17,Adults Only
386,Gump Date,NC-17,Adults Only
38,Ark Ridgemont,NC-17,Adults Only
864,Sundance Invasion,NC-17,Adults Only
383,Groove Fiction,NC-17,Adults Only
866,Sunset Racer,NC-17,Adults Only
378,Greatest North,NC-17,Adults Only
375,Grail Frankenstein,NC-17,Adults Only
364,Godfather Diary,NC-17,Adults Only
361,Gleaming Jawbreaker,NC-17,Adults Only
353,Gentlemen Stage,NC-17,Adults Only
334,Freddy Storm,NC-17,Adults Only
973,Wife Turn,NC-17,Adults Only
332,Frankenstein Stranger,NC-17,Adults Only
331,Forward Temple,NC-17,Adults Only
330,Forrester Comancheros,NC-17,Adults Only
328,Forever Candidate,NC-17,Adults Only
326,Flying Hook,NC-17,Adults Only
321,Flash Wars,NC-17,Adults Only
307,Fellowship Autumn,NC-17,Adults Only
286,Enough Raging,NC-17,Adults Only
284,Enemy Odds,NC-17,Adults Only
283,Ending Crowds,NC-17,Adults Only
282,Encounters Curtain,NC-17,Adults Only
15,Alien Center,NC-17,Adults Only
885,Texas Watch,NC-17,Adults Only
279,Elizabeth Shane,NC-17,Adults Only
278,Elf Murder,NC-17,Adults Only
276,Element Freddy,NC-17,Adults Only
992,Wrath Mile,NC-17,Adults Only
14,Alice Fantasia,NC-17,Adults Only
272,Edge Kissing,NC-17,Adults Only
270,Earth Vision,NC-17,Adults Only
10,Aladdin Calendar,NC-17,Adults Only
268,Early Home,NC-17,Adults Only
267,Eagles Panky,NC-17,Adults Only
262,Dumbo Lust,NC-17,Adults Only
899,Towers Hurricane,NC-17,Adults Only
1000,Zorro Ark,NC-17,Adults Only
259,Duck Racer,NC-17,Adults Only
255,Driving Polish,NC-17,Adults Only
251,Dragonfly Strangers,NC-17,Adults Only
979,Witches Panic,NC-17,Adults Only
250,Dragon Squad,NC-17,Adults Only
248,Dozen Lion,NC-17,Adults Only
244,Dorado Notting,NC-17,Adults Only
243,Doors President,NC-17,Adults Only
241,Donnie Alley,NC-17,Adults Only
232,Dirty Ace,NC-17,Adults Only
223,Desire Alien,NC-17,Adults Only
220,Deer Virginian,NC-17,Adults Only
34,Arabia Dogma,NC-17,Adults Only
218,Deceiver Betrayed,NC-17,Adults Only
210,Darko Dorado,NC-17,Adults Only
209,Darkness War,NC-17,Adults Only
981,Wolves Desire,NC-17,Adults Only
205,Dances None,NC-17,Adults Only
198,Crystal Breaking,NC-17,Adults Only
190,Creepers Kane,NC-17,Adults Only
189,Creatures Shakespeare,NC-17,Adults Only
187,Cranes Reservoir,NC-17,Adults Only
3,Adaptation Holes,NC-17,Adults Only
186,Craft Outfield,NC-17,Adults Only
31,Apache Divine,NC-17,Adults Only
926,Untouchables Sunrise,NC-17,Adults Only
927,Uprising Uptown,NC-17,Adults Only
174,Confidential Interview,NC-17,Adults Only
172,Coneheads Smoochy,NC-17,Adults Only
984,Wonderful Drop,NC-17,Adults Only
169,Comforts Rush,NC-17,Adults Only
167,Coma Head,NC-17,Adults Only
933,Vampire Whale,NC-17,Adults Only
934,Vanilla Day,NC-17,Adults Only
29,Antitrust Tomatoes,NC-17,Adults Only
936,Vanishing Rocky,NC-17,Adults Only
937,Varsity Trip,NC-17,Adults Only
986,Wonka Sea,NC-17,Adults Only
27,Anonymous Human,NC-17,Adults Only
161,Clue Grail,NC-17,Adults Only
722,Reef Salute,NC-17,Adults Only
720,Redemption Comforts,NC-17,Adults Only
717,Rear Trading,NC-17,Adults Only
714,Random Go,NC-17,Adults Only
941,Videotape Arsenic,NC-17,Adults Only
709,Racer Egg,NC-17,Adults Only
151,Cincinatti Whisperer,NC-17,Adults Only
704,Pure Runner,NC-17,Adults Only
698,Princess Giant,NC-17,Adults Only
696,Pride Alamo,NC-17,Adults Only
687,Pocus Pulp,NC-17,Adults Only
741,Roman Punk,NC-17,Adults Only
149,Christmas Moonshine,NC-17,Adults Only
684,Pizza Jumanji,NC-17,Adults Only
683,Pity Bound,NC-17,Adults Only
677,Pianist Outfield,NC-17,Adults Only
746,Rouge Squad,NC-17,Adults Only
147,Chocolat Harry,NC-17,Adults Only
675,Phantom Glory,NC-17,Adults Only
133,Chamber Italian,NC-17,Adults Only
997,Youth Kick,NC-17,Adults Only
751,Runaway Tenenbaums,NC-17,Adults Only
752,Runner Madigan,NC-17,Adults Only
671,Perdition Fargo,NC-17,Adults Only
669,Pearl Destiny,NC-17,Adults Only
663,Patient Sister,NC-17,Adults Only
655,Panther Reds,NC-17,Adults Only
647,Outfield Massacre,NC-17,Adults Only
946,Virtual Spoilers,NC-17,Adults Only
646,Outbreak Divine,NC-17,Adults Only
634,Odds Boogie,NC-17,Adults Only
632,Nuts Ties,NC-17,Adults Only
629,Notorious Reunion,NC-17,Adults Only
627,North Tequila,NC-17,Adults Only
136,Chaplin License,NC-17,Adults Only
625,None Spiking,NC-17,Adults Only
767,Scalawag Duck,NC-17,Adults Only
620,Nemo Campus,NC-17,Adults Only
616,National Story,NC-17,Adults Only
613,Mystic Truman,NC-17,Adults Only
125,Cassidy Wyoming,NC-17,Adults Only
771,Scorpion Apollo,NC-17,Adults Only
606,Mummy Creatures,NC-17,Adults Only
773,Seabiscuit Punk,NC-17,Adults Only
774,Searchers Wait,NC-17,Adults Only
594,Montezuma Command,NC-17,Adults Only
588,Model Fish,NC-17,Adults Only
587,Mod Secretary,NC-17,Adults Only
570,Mermaid Insects,NC-17,Adults Only
949,Volcano Texas,NC-17,Adults Only
568,Memento Zoolander,NC-17,Adults Only
120,Caribbean Liberty,NC-17,Adults Only
550,Maguire Apache,NC-17,Adults Only
561,Mask Peach,NC-17,Adults Only
541,Luke Mummy,NC-17,Adults Only
539,Luck Opus,NC-17,Adults Only
117,Candles Grapes,NC-17,Adults Only
528,Lolita World,NC-17,Adults Only
560,Mars Roman,NC-17,Adults Only
522,Life Twisted,NC-17,Adults Only
